{
    "RandomForest": {
        "R2": 0.8966947819242082,
        "RMSE": 273.3743335673798,
        "feature_importances": [
            0.0093579102727068,
            0.005279049285509354,
            0.009074453250649263,
            0.007039966958087549,
            0.006416745898810749,
            0.014352314615687357,
            0.009485648359091985,
            0.0077644677796892035,
            0.9312294435797678
        ]
    },
    "XGBoost": {
        "R2": 0.8340893172474887,
        "RMSE": 347.4386626145025,
        "feature_importances": [
            0.006329840514808893,
            0.007905297912657261,
            0.004078167490661144,
            0.0052235303446650505,
            0.010639761574566364,
            0.0026946631260216236,
            0.030058572068810463,
            0.006273951847106218,
            0.9267962574958801
        ]
    },
    "features": [
        "rhum_avg_may_oct",
        "spei_avg_may_oct",
        "tmax_max_may_oct",
        "tmin_avg_may_oct",
        "tmin_min_may_oct",
        "wspd_avg_may_oct",
        "rainfall_sum_may_oct",
        "rainfall_iav",
        "year"
    ]
}